"sourceIPAddress","eventName","eventSource","awsRegion","request_count","first_attempt_time","last_attempt_time"
"193.29.252.218","GetBucketAcl","s3.amazonaws.com","us-west-2","23468","2019-10-21T13:59:40Z","2020-10-07T21:03:30Z"
"237.87.246.92","GetBucketAcl","s3.amazonaws.com","us-west-2","2945","2020-03-21T03:56:21Z","2020-03-30T05:36:10Z"
"3.83.9.50","GetBucketAcl","s3.amazonaws.com","us-east-1","2816","2018-07-31T13:10:14Z","2018-07-31T15:25:38Z"
"236.9.245.88","GetBucketAcl","s3.amazonaws.com","us-west-2","2512","2018-07-30T08:04:55Z","2018-11-20T08:54:19Z"
"236.9.245.88","GetBucketAcl","s3.amazonaws.com","us-east-1","1814","2018-07-30T08:07:30Z","2018-10-16T10:13:16Z"
"5.189.203.97","GetBucketAcl","s3.amazonaws.com","us-west-2","1604","2020-03-26T02:57:49Z","2020-03-26T04:43:13Z"
"236.9.245.88","GetBucketAcl","s3.amazonaws.com","ap-northeast-1","1094","2018-07-30T08:11:56Z","2018-10-16T10:13:24Z"
"0.52.31.206","GetBucketAcl","s3.amazonaws.com","us-west-2","648","2019-06-20T19:35:22Z","2019-08-02T17:45:30Z"
"70.185.129.94","GetBucketAcl","s3.amazonaws.com","us-east-1","632","2019-07-27T08:47:47Z","2019-07-27T09:00:13Z"
"255.253.125.115","GetBucketAcl","s3.amazonaws.com","us-west-2","430","2017-02-12T20:38:22Z","2017-07-11T02:32:45Z"
"236.9.245.88","GetBucketAcl","s3.amazonaws.com","us-west-1","329","2018-07-30T08:09:30Z","2018-10-16T10:12:14Z"
"15.21.252.230","GetBucketAcl","s3.amazonaws.com","us-west-2","288","2017-10-18T23:47:09Z","2017-10-20T16:04:36Z"
"236.9.245.88","GetBucketAcl","s3.amazonaws.com","ap-southeast-1","200","2018-07-30T08:11:39Z","2018-10-16T10:10:30Z"
"3.83.9.50","GetBucketAcl","s3.amazonaws.com","us-west-2","187","2018-07-31T13:10:20Z","2018-07-31T15:24:53Z"
"219.130.253.193","GetBucketAcl","s3.amazonaws.com","us-east-1","158","2019-01-12T18:04:30Z","2019-01-12T18:18:55Z"
"236.9.245.88","GetBucketAcl","s3.amazonaws.com","eu-central-1","138","2018-07-30T08:07:26Z","2018-10-16T10:10:41Z"
"240.252.161.77","GetBucketAcl","s3.amazonaws.com","us-west-2","130","2019-06-21T15:43:30Z","2019-06-21T23:39:08Z"
"250.251.253.3","GetBucketAcl","s3.amazonaws.com","us-west-2","95","2018-07-05T18:49:42Z","2018-08-05T17:00:56Z"
"39.206.87.24","GetBucketAcl","s3.amazonaws.com","us-west-2","93","2018-07-09T09:51:43Z","2018-07-30T13:02:18Z"
"3.83.9.50","GetBucketAcl","s3.amazonaws.com","us-east-2","88","2018-07-31T13:11:46Z","2018-07-31T15:14:49Z"
"252.138.62.6","GetBucketAcl","s3.amazonaws.com","us-west-2","81","2017-03-15T03:22:06Z","2017-08-09T11:28:01Z"
"236.9.245.88","GetBucketAcl","s3.amazonaws.com","eu-west-1","77","2018-07-30T08:09:57Z","2018-10-16T10:10:45Z"
"255.171.1.252","GetBucketAcl","s3.amazonaws.com","us-west-2","75","2020-04-10T15:00:32Z","2020-09-21T00:49:44Z"
"45.250.7.228","GetBucketAcl","s3.amazonaws.com","us-west-2","68","2019-06-21T06:51:11Z","2019-06-25T05:31:54Z"
"236.9.245.88","GetBucketAcl","s3.amazonaws.com","us-east-2","67","2018-07-30T08:07:34Z","2018-10-16T10:11:04Z"
"236.9.245.88","GetBucketAcl","s3.amazonaws.com","ap-southeast-2","58","2018-07-30T08:11:59Z","2018-10-16T10:10:33Z"
"254.9.176.211","GetBucketAcl","s3.amazonaws.com","us-west-2","56","2020-08-15T02:00:50Z","2020-10-07T07:25:30Z"
"223.201.202.7","GetBucketAcl","s3.amazonaws.com","us-east-1","55","2019-08-28T21:16:19Z","2019-08-28T22:05:29Z"
"220.251.144.9","GetBucketAcl","s3.amazonaws.com","us-west-2","53","2020-08-15T12:02:34Z","2020-08-28T21:01:31Z"
"255.0.85.253","GetBucketAcl","s3.amazonaws.com","us-west-2","53","2018-10-10T20:17:03Z","2018-10-15T20:22:22Z"
"115.4.190.32","GetBucketAcl","s3.amazonaws.com","us-east-1","51","2019-11-08T00:42:51Z","2019-11-20T17:13:06Z"
"252.1.22.60","GetBucketAcl","s3.amazonaws.com","us-west-2","45","2020-05-22T18:09:28Z","2020-05-22T18:50:28Z"
"132.137.102.64","GetBucketAcl","s3.amazonaws.com","us-west-2","42","2018-12-25T20:12:32Z","2018-12-25T20:46:40Z"
"55.250.102.14","GetBucketAcl","s3.amazonaws.com","us-west-2","40","2019-07-12T11:32:55Z","2019-07-12T12:17:44Z"
"1.7.251.207","GetBucketAcl","s3.amazonaws.com","us-west-2","40","2019-06-06T05:52:08Z","2019-06-06T11:32:04Z"
"143.252.238.253","GetBucketAcl","s3.amazonaws.com","us-west-2","40","2019-01-04T13:38:09Z","2019-01-04T13:40:51Z"
"support.amazonaws.com","GetBucketAcl","s3.amazonaws.com","us-west-2","40","2018-09-30T23:48:45Z","2018-10-16T20:30:24Z"
"251.209.251.231","GetBucketAcl","s3.amazonaws.com","us-west-2","40","2019-07-08T15:21:57Z","2019-07-08T15:44:20Z"
"211.111.151.81","GetBucketAcl","s3.amazonaws.com","us-west-2","40","2019-07-22T17:10:50Z","2019-07-22T17:23:37Z"
"237.87.246.92","GetBucketAcl","s3.amazonaws.com","us-east-1","40","2020-03-24T11:46:39Z","2020-04-03T02:15:44Z"
"250.58.120.237","GetBucketAcl","s3.amazonaws.com","us-west-2","40","2019-10-01T20:10:21Z","2019-10-01T21:00:47Z"
"223.201.202.7","GetBucketAcl","s3.amazonaws.com","us-west-2","37","2019-08-28T21:16:21Z","2019-08-28T21:43:16Z"
"51.125.69.12","GetBucketAcl","s3.amazonaws.com","us-west-2","32","2017-06-09T14:50:21Z","2017-06-09T14:56:20Z"
"3.83.9.50","GetBucketAcl","s3.amazonaws.com","us-west-1","32","2018-07-31T13:16:00Z","2018-07-31T15:20:58Z"
"251.202.162.88","GetBucketAcl","s3.amazonaws.com","us-west-2","31","2019-11-03T17:49:00Z","2019-11-03T17:53:51Z"
"8.229.86.23","GetBucketAcl","s3.amazonaws.com","us-west-2","31","2018-07-19T09:44:24Z","2018-07-19T09:48:01Z"
"9.240.250.1","GetBucketAcl","s3.amazonaws.com","us-west-2","31","2020-09-21T04:00:45Z","2020-09-21T04:28:00Z"
"24.98.217.15","GetBucketAcl","s3.amazonaws.com","us-west-2","30","2017-10-17T09:35:52Z","2017-10-17T09:38:41Z"
"2.206.42.203","GetBucketAcl","s3.amazonaws.com","us-west-2","30","2018-12-11T08:06:57Z","2018-12-11T08:21:08Z"
"129.5.8.15","GetBucketAcl","s3.amazonaws.com","us-west-2","30","2019-08-16T08:51:09Z","2019-08-16T09:39:54Z"
"6.3.3.245","GetBucketAcl","s3.amazonaws.com","us-west-2","30","2019-01-16T14:55:11Z","2019-01-16T15:17:16Z"
"config.amazonaws.com","GetBucketAcl","s3.amazonaws.com","us-west-2","26","2017-05-29T16:35:27Z","2017-05-30T00:35:45Z"
"243.107.241.73","GetBucketAcl","s3.amazonaws.com","us-west-2","25","2017-10-02T17:59:09Z","2017-10-03T12:39:12Z"
"252.156.211.83","GetBucketAcl","s3.amazonaws.com","us-west-2","24","2019-08-20T13:43:43Z","2019-08-20T14:06:04Z"
"236.9.245.88","GetBucketAcl","s3.amazonaws.com","ca-central-1","24","2018-07-30T08:17:01Z","2018-10-16T10:10:36Z"
"1.97.123.147","GetBucketAcl","s3.amazonaws.com","us-west-2","24","2019-07-09T01:39:30Z","2019-07-09T01:54:45Z"
"236.9.245.88","GetBucketAcl","s3.amazonaws.com","sa-east-1","23","2018-07-30T09:05:45Z","2018-10-16T10:10:59Z"
"110.240.65.135","GetBucketAcl","s3.amazonaws.com","us-west-2","23","2020-08-21T22:06:39Z","2020-08-30T22:27:12Z"
"3.83.9.50","GetBucketAcl","s3.amazonaws.com","ap-south-1","22","2018-07-31T13:16:28Z","2018-07-31T15:09:53Z"
"2.231.90.242","GetBucketAcl","s3.amazonaws.com","us-west-2","22","2019-03-07T23:19:09Z","2019-03-07T23:21:02Z"
"3.170.100.213","GetBucketAcl","s3.amazonaws.com","us-west-2","22","2019-04-29T11:52:36Z","2019-04-29T12:27:10Z"
"6.69.117.250","GetBucketAcl","s3.amazonaws.com","us-west-2","21","2018-06-01T21:21:25Z","2018-06-01T21:23:13Z"
"155.251.168.5","GetBucketAcl","s3.amazonaws.com","us-west-2","21","2019-03-01T00:22:11Z","2020-01-23T16:42:06Z"
"9.245.1.85","GetBucketAcl","s3.amazonaws.com","us-west-2","21","2018-10-17T19:56:27Z","2018-10-17T20:32:57Z"
"245.0.232.7","GetBucketAcl","s3.amazonaws.com","us-west-2","21","2018-07-04T17:47:06Z","2018-07-04T17:51:14Z"
"121.54.18.6","GetBucketAcl","s3.amazonaws.com","us-west-2","21","2017-11-08T16:50:07Z","2017-11-08T16:55:09Z"
"163.253.236.246","GetBucketAcl","s3.amazonaws.com","us-west-2","20","2019-08-11T19:39:50Z","2019-08-11T19:39:51Z"
"97.48.203.115","GetBucketAcl","s3.amazonaws.com","us-west-2","20","2019-01-26T16:29:33Z","2019-01-26T16:35:35Z"
"148.2.201.164","GetBucketAcl","s3.amazonaws.com","us-west-2","20","2018-06-21T21:49:31Z","2018-06-21T22:45:32Z"
"3.83.9.50","GetBucketAcl","s3.amazonaws.com","eu-central-1","20","2018-07-31T13:32:32Z","2018-07-31T15:13:49Z"
"219.39.252.244","GetBucketAcl","s3.amazonaws.com","us-west-2","20","2018-12-19T23:41:53Z","2018-12-19T23:46:24Z"
"213.208.4.254","GetBucketAcl","s3.amazonaws.com","us-west-2","20","2019-08-17T17:34:51Z","2019-08-17T17:34:54Z"
"49.253.2.144","GetBucketAcl","s3.amazonaws.com","us-west-2","20","2020-08-13T14:34:36Z","2020-08-13T16:13:34Z"
"128.59.226.123","GetBucketAcl","s3.amazonaws.com","us-west-2","20","2019-10-01T19:11:07Z","2019-10-01T19:17:53Z"
"0.52.31.206","GetBucketAcl","s3.amazonaws.com","us-east-1","20","2019-06-21T00:52:09Z","2019-06-25T19:38:29Z"
"254.7.6.255","GetBucketAcl","s3.amazonaws.com","us-west-2","20","2019-08-05T22:02:20Z","2019-08-05T22:03:03Z"
"147.249.23.123","GetBucketAcl","s3.amazonaws.com","us-west-2","20","2019-04-12T03:54:55Z","2019-04-12T03:54:56Z"
"252.170.3.216","GetBucketAcl","s3.amazonaws.com","us-west-2","20","2019-08-20T15:01:55Z","2019-08-20T15:01:55Z"
"3.83.9.50","GetBucketAcl","s3.amazonaws.com","eu-west-1","20","2018-07-31T13:13:02Z","2018-07-31T15:18:48Z"
"134.146.35.9","GetBucketAcl","s3.amazonaws.com","us-west-2","20","2020-01-13T08:19:18Z","2020-01-23T12:18:55Z"
"20.166.104.7","GetBucketAcl","s3.amazonaws.com","us-west-2","19","2020-08-10T10:22:01Z","2020-08-10T10:22:21Z"
"252.123.210.192","GetBucketAcl","s3.amazonaws.com","us-west-2","18","2017-03-05T13:44:37Z","2017-03-05T14:53:48Z"
"3.83.9.50","GetBucketAcl","s3.amazonaws.com","ap-southeast-1","16","2018-07-31T13:15:44Z","2018-07-31T15:25:25Z"
"232.46.3.232","GetBucketAcl","s3.amazonaws.com","us-west-2","15","2020-09-10T13:46:29Z","2020-09-10T13:55:45Z"
"236.9.245.88","GetBucketAcl","s3.amazonaws.com","ap-south-1","14","2018-07-30T08:09:22Z","2018-10-16T10:10:26Z"
"3.83.9.50","GetBucketAcl","s3.amazonaws.com","sa-east-1","14","2018-07-31T13:18:14Z","2018-07-31T15:10:12Z"
"3.83.9.50","GetBucketAcl","s3.amazonaws.com","ca-central-1","14","2018-07-31T13:15:53Z","2018-07-31T15:10:44Z"
"255.171.1.252","GetBucketAcl","s3.amazonaws.com","us-east-1","13","2020-04-11T12:56:39Z","2020-09-21T00:49:17Z"
"3.83.9.50","GetBucketAcl","s3.amazonaws.com","ap-southeast-2","12","2018-07-31T13:15:32Z","2018-07-31T15:10:41Z"
"107.164.125.91","GetBucketAcl","s3.amazonaws.com","us-west-2","12","2019-05-07T15:06:57Z","2019-05-07T17:14:58Z"
"84.252.252.117","GetBucketAcl","s3.amazonaws.com","us-west-2","12","2019-03-31T21:36:13Z","2019-03-31T21:44:15Z"
"2.251.230.253","GetBucketAcl","s3.amazonaws.com","us-west-2","12","2018-09-30T23:46:14Z","2018-09-30T23:47:12Z"
"111.113.2.5","GetBucketAcl","s3.amazonaws.com","us-west-2","11","2020-09-26T20:06:08Z","2020-09-26T20:25:13Z"
"255.244.3.119","GetBucketAcl","s3.amazonaws.com","us-west-2","10","2018-07-29T15:28:51Z","2018-07-29T15:28:53Z"
"135.250.223.6","GetBucketAcl","s3.amazonaws.com","us-west-2","10","2018-10-19T00:42:14Z","2018-10-19T00:42:16Z"
"202.157.9.237","GetBucketAcl","s3.amazonaws.com","us-west-2","10","2018-08-30T07:19:16Z","2018-08-30T07:19:16Z"
"253.250.7.32","GetBucketAcl","s3.amazonaws.com","us-west-2","10","2018-11-23T12:46:35Z","2018-11-23T12:46:36Z"
"92.9.251.253","GetBucketAcl","s3.amazonaws.com","us-west-2","10","2020-10-07T08:09:16Z","2020-10-07T08:09:18Z"
"5.251.253.46","GetBucketAcl","s3.amazonaws.com","us-west-2","10","2018-10-12T15:08:20Z","2018-10-12T15:08:20Z"
"197.46.1.247","GetBucketAcl","s3.amazonaws.com","us-west-2","10","2020-04-09T13:22:28Z","2020-04-09T13:22:29Z"
"253.150.0.153","GetBucketAcl","s3.amazonaws.com","us-west-2","10","2018-08-28T07:19:19Z","2018-08-28T07:19:20Z"
"0.188.7.172","GetBucketAcl","s3.amazonaws.com","us-west-2","10","2020-07-06T09:36:19Z","2020-07-06T09:36:22Z"
"250.210.6.6","GetBucketAcl","s3.amazonaws.com","us-west-2","10","2020-05-02T11:11:23Z","2020-05-02T11:11:30Z"
"140.126.52.72","GetBucketAcl","s3.amazonaws.com","us-west-2","10","2018-12-08T14:37:57Z","2018-12-08T14:37:57Z"
"235.129.111.105","GetBucketAcl","s3.amazonaws.com","us-west-2","10","2020-09-28T02:56:41Z","2020-09-28T02:56:42Z"
"250.32.254.129","GetBucketAcl","s3.amazonaws.com","us-west-2","10","2020-01-14T13:38:16Z","2020-01-14T13:38:18Z"
"4.202.254.251","GetBucketAcl","s3.amazonaws.com","us-west-2","10","2020-07-27T11:02:54Z","2020-07-27T11:02:56Z"
"12.221.220.121","GetBucketAcl","s3.amazonaws.com","us-west-2","10","2020-03-30T14:29:28Z","2020-03-30T14:29:31Z"
"236.9.245.88","GetBucketAcl","s3.amazonaws.com","ap-northeast-2","10","2018-07-30T08:53:51Z","2018-10-16T10:10:23Z"
"110.253.2.0","GetBucketAcl","s3.amazonaws.com","us-west-2","10","2017-08-18T15:53:31Z","2017-08-18T15:53:34Z"
"84.239.80.5","GetBucketAcl","s3.amazonaws.com","us-west-2","10","2020-07-23T15:58:12Z","2020-07-23T15:58:15Z"
"151.36.140.220","GetBucketAcl","s3.amazonaws.com","us-west-2","10","2018-02-27T00:05:08Z","2018-02-27T00:05:09Z"
"240.252.161.77","GetBucketAcl","s3.amazonaws.com","us-east-1","10","2019-06-21T15:43:32Z","2019-06-21T23:38:16Z"
"219.208.8.129","GetBucketAcl","s3.amazonaws.com","us-west-2","10","2020-09-13T10:58:40Z","2020-09-13T10:58:44Z"
"3.1.254.37","GetBucketAcl","s3.amazonaws.com","us-west-2","10","2020-10-06T21:11:06Z","2020-10-06T21:11:06Z"
"204.111.252.51","GetBucketAcl","s3.amazonaws.com","us-west-2","10","2020-05-12T17:17:21Z","2020-05-12T17:17:26Z"
"132.139.200.24","GetBucketAcl","s3.amazonaws.com","us-west-2","10","2020-02-09T21:51:41Z","2020-02-09T21:51:44Z"
"0.18.168.119","GetBucketAcl","s3.amazonaws.com","us-west-2","10","2017-07-08T22:51:06Z","2017-07-08T22:51:06Z"
"43.106.252.232","GetBucketAcl","s3.amazonaws.com","us-west-2","10","2020-07-21T09:34:59Z","2020-07-21T09:35:04Z"
"227.255.6.226","GetBucketAcl","s3.amazonaws.com","us-west-2","9","2017-03-08T10:23:58Z","2017-03-08T10:23:58Z"
"236.9.245.88","GetBucketAcl","s3.amazonaws.com","eu-west-2","9","2018-07-30T09:55:40Z","2018-10-16T10:10:50Z"
"4.251.84.1","GetBucketAcl","s3.amazonaws.com","us-west-2","9","2017-05-26T15:55:37Z","2017-05-26T15:55:38Z"
"92.9.251.253","GetBucketAcl","s3.amazonaws.com","eu-west-3","9","2020-10-07T10:18:28Z","2020-10-07T10:18:31Z"
"34.204.247.247","GetBucketAcl","s3.amazonaws.com","us-west-2","9","2017-05-13T18:13:07Z","2017-05-13T18:13:08Z"
"3.83.9.50","GetBucketAcl","s3.amazonaws.com","ap-northeast-2","8","2018-07-31T13:34:27Z","2018-07-31T15:10:31Z"
"115.4.190.32","GetBucketAcl","s3.amazonaws.com","ap-northeast-1","8","2019-11-20T16:40:11Z","2019-11-20T17:13:05Z"
"3.83.9.50","GetBucketAcl","s3.amazonaws.com","eu-west-3","8","2018-07-31T13:34:45Z","2018-07-31T15:10:48Z"
"96.249.65.252","GetBucketAcl","s3.amazonaws.com","us-west-2","8","2019-04-09T20:56:27Z","2019-04-09T20:58:51Z"
"3.83.9.50","GetBucketAcl","s3.amazonaws.com","ap-northeast-1","8","2018-07-31T13:34:21Z","2018-07-31T15:10:26Z"
"252.3.1.8","GetBucketAcl","s3.amazonaws.com","us-west-2","8","2020-08-27T06:24:13Z","2020-08-27T08:32:09Z"
"45.250.7.228","GetBucketAcl","s3.amazonaws.com","us-east-1","8","2019-06-21T06:51:13Z","2019-06-25T05:31:07Z"
"AWS Internal","GetBucketAcl","s3.amazonaws.com","us-west-2","7","2017-03-25T20:57:42Z","2017-05-16T23:48:12Z"
"233.251.205.2","GetBucketAcl","s3.amazonaws.com","us-west-2","7","2018-09-24T09:51:19Z","2018-09-24T10:12:36Z"
"115.4.190.32","GetBucketAcl","s3.amazonaws.com","ap-northeast-2","7","2019-11-20T16:40:57Z","2019-11-20T17:13:07Z"
"14.48.246.176","GetBucketAcl","s3.amazonaws.com","us-west-2","7","2018-01-21T13:25:10Z","2018-01-21T13:26:42Z"
"20.166.104.7","GetBucketAcl","s3.amazonaws.com","us-west-1","7","2020-08-10T10:21:59Z","2020-08-10T10:22:30Z"
"223.201.202.7","GetBucketAcl","s3.amazonaws.com","ap-southeast-2","6","2019-08-28T21:40:57Z","2019-08-28T21:54:33Z"
"2.255.89.236","GetBucketAcl","s3.amazonaws.com","us-east-1","6","2019-05-14T06:22:59Z","2019-05-14T06:23:18Z"
"236.254.124.252","GetBucketAcl","s3.amazonaws.com","us-west-2","6","2020-09-29T13:58:28Z","2020-09-29T15:00:41Z"
"3.83.9.50","GetBucketAcl","s3.amazonaws.com","eu-west-2","6","2018-07-31T13:15:56Z","2018-07-31T15:10:09Z"
"2.49.227.7","GetBucketAcl","s3.amazonaws.com","us-east-1","6","2020-01-10T04:12:01Z","2020-01-10T04:21:07Z"
"97.5.78.250","GetBucketAcl","s3.amazonaws.com","us-west-2","6","2019-05-23T09:58:30Z","2019-05-23T10:48:55Z"
"96.249.65.252","GetBucketAcl","s3.amazonaws.com","us-west-1","6","2019-04-09T20:56:11Z","2019-04-09T20:59:40Z"
